type;name;label;required;hint;constraint;relevant;constraint_message;choice_filter;appearance;default;read_only;calculation;;;;;;
start;start;;;;;;;;;;;;;;;;;
end;end;;;;;;;;;;;;;;;;;
today;today;;;;;;;;;;;;;;;;;
deviceid;diviceid;;;;;;;;;;;;;;;;;
;;;;;;;;;;;;;;;;;;
;;;;;;;;;;;;;;;;;;
select_one admin_1_access;lieu_collecte_prefecture;Dans quelle pr√©fecture r√©alisez-vous cet entretien;TRUE;;;;;;;;;;;;;;;
select_one admin_2_access;lieu_collecte_sous_prefecture;Dans quelle sous-pr√©fecture r√©alisez-vous cet entretien;TRUE;;;;;admin_1 = ${lieu_collecte_prefecture};;;;;;;;;;
select_one admin_3;lieu_collecte_commune;Dans quelle commune r√©alisez-vous cet entretient;TRUE;;;;;admin_2 = ${lieu_collecte_sous_prefecture};;;;;;;;;;
text;q0_2_enqueteur;Nom de l'√©nqu√™teu;TRUE;;;;;;minimal;;;;;;;;;
date;q0_3_date;Date de l'enqu√™te;TRUE;;.<=today()+1;;;;;;;;;;;;;
acknowledge;consensus_note;"Bonjour, mon nom est ${q0_2_enqueteur} et je travaille pour REACH. 


Nous mettons en place une √©tude multisectorielle nationale d'√©valuation des besoins et nous souhaitons vous poser quelques questions sur la situation dans les localit√©s difficiles d'acc√®s de Centrafrique - niveau de revenus, acc√®s √† la nourriture/eau, √† la sant√©, √† l'√©ducation et protection. 

Le questionnaire prendra environ 1 heure. 

Toute information que vous nous donnerez restera strictement anonyme. 

C'est une activit√© volontaire, et vous √™tre libre pour chaque question de ne pas vouloir r√©pondre et/ou de mettre fin √† l'enqu√™te √† tout moment du questionnaire. 

N√©anmoins, nous esp√©rons que vous participerez car votre point de vue est important. 

Il est √©galement essentiel de comprendre que nous sommes l√† uniquement pour nous renseigner sur les conditions de vie des habitants de la localit√© sur laquelle vous avez de l'information et non pas pour apporter une r√©ponse humanitaire. 

Avez-vous des questions ? Est-cr ? ";TRUE;;;;;;;;;;;;;;;
;;;;;;;;;;;;;;;;;;
begin_group ;info_KI;Information sur la localit√© renseign√;;;;;;;;;;;;;;;;
note;info_ki_note;Information sur la localit√© hors d'acc√®s renseign;;;;;;;;;;;;;;;;
select_one admin_1_H2R;info_prefecture;Dans quelle pr√©fecture se situe la localit√© renseign√;TRUE;;;;;;;;;;;;;;;
select_one admin_2_H2R;info_sous_prefecture;Dans quelle sous-pr√©fecture se situe la localit√© renseign√;TRUE;;;;;admin_1 = ${info_prefecture};;;;;;;;;;
select_one admin_3;info_commune;Dans quelle commune se situe la localit√© renseign√©;TRUE;;;;;admin_2 = ${info_sous_prefecture};;;;;;;;;;
select_one loc;info_loc_H2R;Quel est le nom de la localit√© renseign√©;TRUE;;;;;admin_3 = ${info_commune};;;;;;;;;;
text;loc_autre;Merci de pr√©cise;TRUE;;;selected(${info_loc_H2R}, 'Autre');;;;;;;;;;;;
select_one contact_with_site;type_contact;Au cours du dernier mois, comment avez-vous eu des informations concernant ${info_loc_H2R}?;TRUE;;;;;;;;;;;;;;;
text;type_contact_autre;Merci de pr√©cise;TRUE;;;selected(${type_contact},'autre');;;;;;;;;;;;
end_group ;info_KI;;;;;;;;;;;;;;;;;
;;;;;;;;;;;;;;;;;;
begin_group ;info_generales;Informations g√©n√©ral;;;;;;;;;;;;;;;;
note;info_generales_note;Nous allons maintenant vous poser des questions sur les groupes d√©mographiques pr√©sents √†  ${info_loc_H2;;;;;;;;;;;;;;;;
select_multiple statut;ig_1_statut;Parmi les groupes d√©mographiques suivants, lesquels sont pr√©sents √† ${info_loc_H2R}? (cocher tout ce qui s'appliq;TRUE;;;;;;;;;;;;;;;
integer;ig_2_statut_percentage_Pop_Hote;Pourriez-vous nous dire combien de pourcentage approximativement chacun de ces groupes pr√©sents repr√©sente? Population h√;;;. >= 0 and . < 101;selected(${ig_1_statut}, 'IDP_site') or selected(${ig_1_statut}, 'IDP_FA') or selected(${ig_1_statut}, 'retourne') or selected(${ig_1_statut}, 'rapatrie') ;Un pourcentage entre 0 et 100;;;;;;;;;;;
calculate;somme_perc_HC;;;;;;;;;;;if(${ig_2_statut_percentage_Pop_Hote} = '', 0, ${ig_2_statut_percentage_Pop_Hote});;;;;;
integer;ig_2_statut_percentage_IDP_site;Pourriez-vous nous dire combien de pourcentage approximativement chacun de ces groupes pr√©sents repr√©sente? Population d√©plac√©e en site et lieux de regroupe;;;. >= 0 and . < 101;selected(${ig_1_statut}, 'IDP_site');Un pourcentage entre 0 et 100;;;;;;;;;;;
calculate;somme_perc_IDP_site;;;;;;;;;;;if(${ig_2_statut_percentage_IDP_site} = '', 0, ${ig_2_statut_percentage_IDP_site});;;;;;
integer;ig_2_statut_percentage_IDP_FA;Pourriez-vous nous dire combien de pourcentage approximativement chacun de ces groupes pr√©sents repr√©sente? Population d√©plac√©e en famille d‚Äôa;;;. >= 0 and . < 101;selected(${ig_1_statut}, 'IDP_FA') ;Un pourcentage entre 0 et 100;;;;;;;;;;;
calculate;somme_perc_IDP_FA;;;;;;;;;;;if(${ig_2_statut_percentage_IDP_FA} = '', 0, ${ig_2_statut_percentage_IDP_FA});;;;;;
integer;ig_2_statut_percentage_retourne;Pourriez-vous nous dire combien de pourcentage approximativement chacun de ces groupes pr√©sents repr√©sente? Population retourn;;;. >= 0 and . < 101;selected(${ig_1_statut}, 'retourne');Un pourcentage entre 0 et 100;;;;;;;;;;;
calculate;somme_perc_ret;;;;;;;;;;;if(${ig_2_statut_percentage_retourne} = '', 0, ${ig_2_statut_percentage_retourne});;;;;;
integer;ig_2_statut_percentage_rapatrie;Pourriez-vous nous dire combien de pourcentage approximativement chacun de ces groupes pr√©sents repr√©sente? Population rapatri;;;. >= 0 and . < 101;selected(${ig_1_statut}, 'rapatrie') ;Un pourcentage entre 0 et 100;;;;;;;;;;;
calculate;somme_perc_rap;;;;;;;;;;;if(${ig_2_statut_percentage_rapatrie} = '', 0, ${ig_2_statut_percentage_rapatrie});;;;;;
calculate;somme_perc;;;;;;;;;;;${somme_perc_HC} + ${somme_perc_IDP_site} + ${somme_perc_IDP_FA} + ${somme_perc_ret} + ${somme_perc_rap} ;;;;;;
note;note_statut;La somme du pourcentage des diff√©rents groupes doit √™tre √©gale √† 100 ! Ici : ${somme_p;;;;${somme_perc} != 100;;;;;;;;;;;;
select_one RtL_IDP;ig_3_IDP_RtL;Quelle est la raison principale expliquant la pr√©sence de d√©plac√©s √† ${info_loc_H2;;;;selected(${ig_1_statut},'IDP_site') or selected(${ig_1_statut},'IDP_FA') ;;;;;;;;;;;;
text;ig_3_IDP_RtL_autre;Merci de pr√©ciser la raison principale expliquant la personne de d√©plac√©s √† ${info_loc_;;;;selected(${ig_3_IDP_RtL}, 'autre');;;;;;;;;;;;
select_one length_IDP;ig_4_IDP_length_IDP;Depuis combien de temps en moyenne les personnes d√©plac√©es pr√©sents √† ${info_loc_H2R} sont-ils partis de leur village d'orig;;;;selected(${ig_1_statut},'IDP_site') or selected(${ig_1_statut},'IDP_FA') ;;;;;;;;;;;;
select_multiple IDP_cond_retour;ig_6_IDP_cond_retour;Quelles seraient les conditions requises pour envisager un retour de la majorit√© des personnes d√©plac√©es dans leur localit√© d'origi;;;;selected(${ig_1_statut},'IDP_site') or selected(${ig_1_statut},'IDP_FA') ;;;;;;;;;;;;
select_one RtR_Ret_Rapat;ig_7_RtR_Ret_Rapat;Quelle est la raison principale expliquant la pr√©sence de retourn√©s / rapatri√©s √† ${info_loc_H;;;;selected(${ig_1_statut},'retourne') or selected(${ig_1_statut},'rapatrie') ;;;;;;;;;;;;
text;ig_7_RtR_Ret_Rapat_autre;Merci de pr√©ciser la raison principale expliquant la pr√©sence de retourn√©s / rapatri√©s √† ${info_loc_;;;;selected(${ig_7_RtR_Ret_Rapat}, 'autre');;;;;;;;;;;;
select_one Ret_Rapat_dest_finale_perc;ig_8_Ret_Rapat_dest_finale_perc;Y a-t-il au sein de ${info_loc_H2R} des retourn√©s et / ou rapatri√© dont la destination finale n'a pas encore √©t√© attein;;;;selected(${ig_1_statut},'retourne') or selected(${ig_1_statut},'rapatrie') ;;;;;;;;;;;;
select_one Ret_Rapat_abri_origine_raison;ig_9_Ret_Rapat_dest_finale_non_raison;Vous indiquez qu'au sein de ${info_loc_H2R}, plus de la moiti√© des retourn√©s / rapatri√©s n'ont pas atteint leur destination finale, quelle est la principale raiso;;;;selected(${ig_8_Ret_Rapat_dest_finale_perc}, 'ret_rap_destfinale_50_75') or selected(${ig_8_Ret_Rapat_dest_finale_perc}, 'ret_rap_destfinale_75_100');;;;;;;;;;;;
end_group ;info_generales;;;;;;;;;;;;;;;;;
;;;;;;;;;;;;;;;;;;
begin_group ;NFI;NFI;;;;;;;;;;;;;;;;
note;nfi_note;Nous allons maintenant vous poser des questions sur les conditions d'h√©bergement √† ${info_loc_H2R}. Les questions porterons sur les abris de la communaut√© locale et des d√©plac√©s. Soyez le plus pr√©cis pos;;;;;;;;;;;;;;;;
begin_group;item_list_oui_non;Est-ce que plus de la moiti√© de la population a √† disposition les articles suivants √† ${info_loc_H2R;;;;;;field-list;;;;;;;;;;
note;nfi_select_note;Est-ce que plus de la moiti√© de la population a √† disposition les articles suivants √† ${info_loc_H2R;;;;;;;;;;;;;;;;
select_one oui_non_nsp;bache;B√¢ch;;;;;;;yes;;;;;;;;;
select_one oui_non_nsp;kit_cuisine;Kit cuisine complet;;;;;;;yes;;;;;;;;;
select_one oui_non_nsp;habits_femmes_enfants;Habits pour tous ;;;;;;;yes;;;;;;;;;
select_one oui_non_nsp;natte;Supports de couchage (lits, matelas, nattes);;;;;;;yes;;;;;;;;;
select_one oui_non_nsp;bidons_plastique;Bidons plastique de 20L;;;;;;;yes;;;;;;;;;
select_one oui_non_nsp;doc_legale;Documentation l√©gale d'identit√© (un extrait d‚Äôacte de naissance ou une carte d‚Äôidentit√©) pour tous les membres de la ;;;;;;;yes;;;;;;;;;
select_one oui_non_nsp;doc_propriete;Titre de propri√©t√© pour l'ensemble des biens et propri√©t;;;;;;;yes;;;;;;;;;
select_one oui_non_nsp;semence;Semence;;;;;;;yes;;;;;;;;;
select_one oui_non_nsp;outils_aratoires;Outils aratoire;;;;;;;yes;;;;;;;;;
select_one oui_non_nsp;savon_toilette_azur;Savon de toilette ;;;;;;;yes;;;;;;;;;
select_one oui_non_nsp;cendres;Cendres pour le lavage des mains;;;;;;;yes;;;;;;;;;
select_one oui_non_nsp;savon_lessive;Savon de lessive;;;;;;;yes;;;;;;;;;
select_one oui_non_nsp;pot;Pot pour b√©b;;;;;;;yes;;;;;;;;;
select_one oui_non_nsp;gobelet;Gobelet de 250 ml ;;;;;;;yes;;;;;;;;;
select_one oui_non_nsp;serviette_hyg;Serviette Hygi√©niqu;;;;;;;yes;;;;;;;;;
select_one oui_non_nsp;seaux;Seaux avec couvercle;;;;;;;yes;;;;;;;;;
select_one oui_non_nsp;mousticaire;Moustiquaires;;;;;;;yes;;;;;;;;;
select_one oui_non_nsp;casseroles;Casseroles et marmites (5 litres et +);;;;;;;yes;;;;;;;;;
select_one oui_non_nsp;draps;Couvertures/ draps;;;;;;;yes;;;;;;;;;
end_group ;item_list_oui_non;;;;;;;;;;;;;;;;;
end_group ;NFI;;;;;;;;;;;;;;;;;
;;;;;;;;;;;;;;;;;;
begin_group ;NFI_Abris_CCCM;NFI/Abris/CCCM;;;;;;;;;;;;;;;;
note;nfi_abris_cccm_note;Nous allons maintenant vous poser des questions sur les articles non-alimentaires et l'abris √† ${info_loc_H2R};;;;;;;;;;;;;;;;
select_one type_abri;nfi_2_type_abri ;Au cours des 30 derniers jours, quel √©tait le PRINCIPAL type d'abri utilis√© par la communaut√© locale √† ${info_loc_H;;;;;;;;;;;;;;;;
text;nfi_2_1_type_abri_autre;Si autre, veuillez pr√©ciser :;;;;selected(${nfi_2_type_abri},'autre');;;;;;;;;;;;
select_one estimation;nfi_4_personnes_abris;Est-ce que certains des m√©nages accueillent un autre m√©nage au sein de leur foyer;;;;;;;;;;;;;;;;
select_one estimation;nfi_5_taille_abri;D'apr√®s vous, est-ce que certains des m√©nages vivent dans des abris sous-dimensionn√©s (moins de 3.5m2/personne;;;;;;;;;;;;;;;;
select_one inquietude_nfi;nfi_6_inquietude;Afin de clarifier notre discussion concernant le logement et les articles non-alimentaires, quelle est la plus grande inqui√©tude actuellement de la majorit√© (plus de la moiti√© des habitants) des habitants de ${info_loc_H2R;;;;;;;;;;;;;;;;
text;nfi_6_1_inquietude_autre;Si autre, veuillez pr√©ciser :;;;;selected(${nfi_6_inquietude},'autre');;;;;;;;;;;;
begin_group;Souhait_assistance;Souhait assistance;;;;(selected(${nfi_6_inquietude},'materiaux_adequats') or selected(${nfi_6_inquietude},'acces_nfi_essentiels'));;;;;;;;;;;;
note;nfi_7_assistance;D'apr√®s vous, quel seraient les 3 types de r√©ponses les plus utiles pour aider √† l'am√©lioration de la situation de la majorit√© de la population vis-√†-vis des logements ou des bien non-alimenta;;;;;;;;;;;;;;;;
select_one assistance ;nfi_7_assistance_1;Pr√©f√©rence ;;;;;;;;;;;;;;;;
select_one assistance ;nfi_7_assistance_2;Pr√©f√©rence ;;;${nfi_7_assistance_1} != '' and ((.) != ${nfi_7_assistance_1});;;name != ${nfi_7_assistance_1};;;;;;;;;;
select_one assistance ;nfi_7_assistance_3 ;Pr√©f√©rence ;;;${nfi_7_assistance_2} != '' and ((.) != ${nfi_7_assistance_2});;;name != ${nfi_7_assistance_1} and name !=  ${nfi_7_assistance_2};;;;;;;;;;
text;nfi_7_assistance_autre;Si autre, veuillez pr√©ciser :;;;;selected(${nfi_7_assistance},'autre') ;;;;;;;;;;;;
end_group ;Souhait_assistance ;;;;;;;;;;;;;;;;;
end_group ;NFI_Abris_CCCM;;;;;;;;;;;;;;;;;
;;;;;;;;;;;;;;;;;;
begin_group ;MSSC;Moyens d'existence;;;;;;;;;;;;;;;;
note;MSSC_note;Nous allons maintenant vous poser des questions concernant vos moyens d'existence √† ${info_loc_H2R}. Soyez le plus pr√©cis possible s'il vous plai;;;;;;;;;;;;;;;;
select_one revenu;mssc_1_revenu;Pouvez-vous estimer quel a √©t√© le revenu mensuel total moyen des m√©nages de ${info_loc_H2R}, en moyenne sur les 90 derniers jour;;;;;;;;;;;;;;;;
note;mssc_2_source_rev;Au cours des 90 derniers jours, quelles ont √©t√© les 3 principales sources de revenu des m√©nages de ${info_loc_H2R;;;;;;;;;;;;;;;;
select_one source_rev;mssc_2_source_rev_1;1√®re source de reven;;;;;;;;;;;;;;;;
select_one source_rev;mssc_2_source_rev_2;2√®me source de revenu;;;;;;name != ${mssc_2_source_rev_1};;;;;;;;;;
select_one source_rev;mssc_2_source_rev_3;3√®me source de reven;;;;;;name != ${mssc_2_source_rev_1} and name !=  ${mssc_2_source_rev_2};;;;;;;;;;
text;mssc_2_source_rev_autre;Merci de pr√©ciser la/les autre(s) source(s) de revenu des m√©nages de ${info_loc_H2R};;;;selected(${mssc_2_source_rev_1}, 'autre') or selected(${mssc_2_source_rev_2}, 'autre') or selected(${mssc_2_source_rev_3}, 'autre');;;;;;;;;;;;
begin_group;mssc_3_dep_30J;Depenses moyennes du menage (30 derniers jours);;D√©pense estim√©e en XAF pour chacune des cat√©gories (si aucune d√©pense, √©cri;;;;;;;;;;;;;;
note;mssc_3_dep_30J_note;Pouvez-vous estimer les 3 plus grandes cat√©gories de d√©pense (par ordre d'importance) pour la majorit√© des m√©nages au cours des 30 derniers jour;;;;;;;;;;;;;;;;
select_one source_dep;mssc_3_1;1√®re source de d√©pen;;;;;;;;;;;;;;;;
select_one source_dep;mssc_3_2;2√®me source de d√©pen;;;;;;name != ${mssc_3_1};;;;;;;;;;
select_one source_dep;mssc_3_3;3√®me source de d√©pen;;;;;;name != ${mssc_3_1} and name !=  ${mssc_3_2};;;;;;;;;;
end_group ;mssc_3_dep_30J;;;;;;;;;;;;;;;;;
begin_group;mssc_4_dep_6M;D√©penses moyennes du m√©nage (6 derniers moi;;D√©pense estim√©e en XAF pour chacune des cat√©gories (si aucune d√©pense, √©cri;;;;;;;;;;;;;;
note;mssc_3_dep_P6M_note;Et parmi les cat√©gories suivantes, pouvez-vous estimer les 3 plus grandes cat√©gories de d√©pense (par ordre d'importance) pour la majorit√© des m√©nages au cours des 6 derniers jou;;;;;;;;;;;;;;;;
select_one source_dep_P6M;mssc_4_1;1√®re source de d√©pen;;;;;;;;;;;;;;;;
select_one source_dep_P6M;mssc_4_2;2√®me source de d√©pen;;;;;;name != ${mssc_4_1};;;;;;;;;;
select_one source_dep_P6M;mssc_4_3;3√®me source de d√©pen;;;;;;name != ${mssc_4_1} and name !=  ${mssc_4_2};;;;;;;;;;
text;mssc_4_source_dep_autre;Merci de pr√©ciser la/les autre(s) source(s) de d√©penses des m√©nages de ${info_loc_H2R;;;;selected(${mssc_4_1}, 'autre') or selected(${mssc_4_2}, 'autre') or selected(${mssc_4_3}, 'autre');;;;;;;;;;;;
end_group ;mssc_4_dep_6M;;;;;;;;;;;;;;;;;
select_one membres_assoc;mssc_6_membres_assoc;Quelle proportion de la population est membre d'une association ou groupement (AVEC, tontine, EPC, etc) ? ;;;;;;;;;;;;;;;;
select_one acces_forma_prof;mssc_7_acces_forma_prof;Au cours des 30 derniers jours, quelle proportion de la population de ${info_loc_H2R} avait acc√®s √† une formation professionnelle m√©tier √† distance de marc;;;;;;;;;;;;;;;;
select_one oui_non_nsp;mssc_8_acces_agri;Est-ce que plus de la moiti√© des habitants de ${info_loc_H2R} peut pratiquer l‚Äôagriculture au cours de cette saiso;;;;;;;;;;;;;;;;
begin_group;acces_agri;Raisons qui emp√™chent de pratiquer l'agricultur;;;;selected(${mssc_8_acces_agri},'non');;;;;;;;;;;;
note;acces_agri_note;Quelles en sont les 3 principales raisons ? ;;;;;;;;;;;;;;;;
select_one raison_agri;mssc_8_1_acces_agri;1√®re raiso;;;;;;;;;;;;;;;;
select_one raison_agri;mssc_8_2_acces_agri;2√®me raiso;;;;;;name != ${mssc_8_1_acces_agri};;;;;;;;;;
select_one raison_agri;mssc_8_3_acces_agri;3√®me raiso;;;;;;name != ${mssc_8_1_acces_agri} and name !=  ${mssc_8_2_acces_agri};;;;;;;;;;
text;mssc_8_4_acces_agri_autre;Si autre, veuillez pr√©ciser :;;;;selected(${mssc_8_1_acces_agri},'autre') or selected(${mssc_8_2_acces_agri},'autre') or selected(${mssc_8_3_acces_agri},'autre') ;;;;;;;;;;;;
end_group;acces_agri;;;;;;;;;;;;;;;;;
end_group ;MSSC;;;;;;;;;;;;;;;;;
;;;;;;;;;;;;;;;;;;
begin_group;Securite_alimentaire;S√©curit√© alimentai;;;;;;;;;;;;;;;;
note;securite_alimentaire_note;Nous allons maintenant vous poser des questions concernant la s√©curit√© alimentaire √† ${info_loc_H2R}. Soyez le plus pr√©cis possible s'il vous pl;;;;;;;;;;;;;;;;
select_one food_sec;secal_1_assez_de_nourriture;Au cours des 7 derniers jours, quelle proportion de la population avait acc√®s √† suffisamment de nourriture √† ${info_loc_H2;;;;;;;;;;;;;;;;
select_multiple type_nourriture;secal_2_type_nourriture;Au cours des 7 derniers jours, quels types d'aliments √©taient r√©guli√®rement (au moins 3 fois par semaine) consomm√©s par au moins la moiti√© de la population √† ${info_loc;;;;;;;;;;;;;;;;
note;itemlist_aquisition_nourriture;Et comment ces aliments sont-ils le plus souvent acquis ? ;;;;;;field-list;;;;;;;;;;
select_one acquisition_nourriture;secal_3_1_source_nourriture_cereales;C√©r√©ales, Racines, tubercul;;Sorgho, mil, ma√Øs, bl√©, riz, pain/galette, beignets, farine, p√¢tes alimentaire, manioc, pomme de terre, patates douces, ignames, et autres tubercu;;selected(${secal_2_type_nourriture},'cereales');;;yes;;;;;;;;;
select_one acquisition_nourriture;secal_3_3_source_nourriture_legumineuses;Legumineuses / noix;;Haricots, arachides, lentilles, amande, et/ou autre noix;;selected(${secal_2_type_nourriture},'legumineuses');;;yes;;;;;;;;;
select_one acquisition_nourriture;secal_3_4_source_nourriture_produit_laitier;Lait et autres produits laitiers;;Lait frais / aigri, yaourt, fromage, autre produits laitiers SAUF margarine / beurre ou de petites quantit√©s de lait pour le th√© / caf√© (Lait en poudre¬†: seulement si des verres de lait en poudre sont consom;;selected(${secal_2_type_nourriture},'produit_laitier');;;yes;;;;;;;;;
select_one acquisition_nourriture;secal_3_5_source_nourriture_viande;Viande, Poisson, ≈íuf;;Ch√®vres, mouton, b≈ìuf, poulets, fruits de mer, thon en boite, chenilles, termites, et;;selected(${secal_2_type_nourriture},'viande_poulet');;;yes;;;;;;;;;
select_one acquisition_nourriture;secal_3_8_source_nourriture_legumes;Legumes et feuilles vertes;;Carotte, poivron rouge, citrouille,  oignon, tomates, concombre, haricot vert, petit pois, champignon, etc.;;selected(${secal_2_type_nourriture}, 'legumes_feuilles');;;yes;;;;;;;;;
select_one acquisition_nourriture;secal_3_9_source_nourriture_fruits;Fruits;;Mangue, papaye, banane, pomme, citron, mandarine, orange, goyave, etc.;;selected(${secal_2_type_nourriture}, 'fruits');;;yes;;;;;;;;;
select_one acquisition_nourriture;secal_3_10_source_nourriture_huile_gras;Huile, gras, beurre;;Huile de cuisson, beurre de karit√©, margarine, autres gras/huil;;selected(${secal_2_type_nourriture}, 'huile_gras');;;yes;;;;;;;;;
select_one acquisition_nourriture;secal_3_11_source_nourriture_produit_laitier;Sucre ou produits sucr√©;;Miel, confiture, beignets, bonbons, biscuits, p√¢tisseries, g√¢teaux et autre produits suc;;selected(${secal_2_type_nourriture}, 'sucre');;;yes;;;;;;;;;
select_one acquisition_nourriture;secal_3_12_source_nourriture_epices;Epices et condiments;;Th√©, caf√©/cacao, sel, ail, √©pices, levure/poudre √† p√¢te, tomate/sauce piquante, autres condiments y compris petite quantit√© de lait pour le th;;selected(${secal_2_type_nourriture}, 'epices');;;yes;;;;;;;;;
select_one oui_non;secal_4_marche;Au cours des 7 derniers jours, y avait-t-il pour au moins la moiti√© de la population un march√© fonctionnel √† distance de marche depuis ${info_loc_H2;;;;;;;;;;;;;;;;
begin_group;strategies_survie_lcs;Strat√©gies de survi;;;;;;;;;;;;;;;;
note;lcs_note;"Au cours des 30 derniers jours, est-ce que plus de la moiti√© des m√©nages ont d√ª faire l‚Äôune des choses suivantes parce qu'il n'y avait pas assez de nourriture ou d'argent pour l'achete";;;;;;;;;;;;;;;;
select_one lcs;secal_6_1_lcs_vente_actifs_non_productifs;Vendre des actifs non productifs du m√©nage (radio, meubles, r√©frig√©rateur, t√©l√©vision, bijoux, ;;;;;;;;;;;;;;;;
select_one lcs;secal_6_2_lcs_vente_actifs_productifs;Vendre des actifs productifs ou moyens de transport (mat√©riel agricole, machine √† coudre, brouette, v√©lo, voiture, et;;;;;;;;;;;;;;;;
select_one lcs;secal_6_3_lcs_reduire_depenses_non_alimentaires;R√©duire les d√©penses non alimentaires essentielles telles que l‚Äô√©ducation, la ;;;;;;;;;;;;;;;;
select_one lcs;secal_6_4_depenser_epargne;D√©penser l‚Äô√©pa;;;;;;;;;;;;;;;;
select_one lcs;secal_6_5_lcs_emprunter_argent_nourriture;Emprunter de l‚Äôargent/nourriture √† un pr√©teur officielle/ba;;;;;;;;;;;;;;;;
select_one lcs;secal_6_6_lcs_retirer_enfants_ecole;Retirer les enfants de l‚Äô√©c;;;;;;;;;;;;;;;;
select_one lcs;secal_6_7_lcs_vendre_maison_terrain;Vendre la maison, la parcelle de terrain ou le champ;;;;;;;;;;;;;;;;
select_one lcs;secal_6_8_lcs_activites_illegales;Engager un membre de la famille dans des activit√©s risqu√©es ou ill√©gales g√©n√©ratrices de revenus (vols, vente de la drogue, travail avec groupes arm√©s, prostitution,;;;;;;;;;;;;;;;;
select_one lcs;secal_6_9_lcs_mendier;Mendier;;;;;;;;;;;;;;;;
select_one lcs;secal_6_10_lcs_vendre_animaux;Vendre plus d‚Äôanimaux (non-productifs) que d‚Äôhabi;;;;;;;;;;;;;;;;
select_one lcs;secal_6_11_lcs_consommer_semences;Consommation des semences;;;;;;;;;;;;;;;;
end_group;strategies_survie_lcs;;;;;;;;;;;;;;;;;
select_one inquietude;secal_7_inquietude;Afin de clarifier notre discussion concernant la nourriture, l'agriculture et l'acc√®s au march√© √† ${info_loc_H2R}, quelle est la plus grande inqui√©tude actuellement pour au moins la moiti√© des habitants de ${info_loc_H;;;;;;;;;;;;;;;;
begin_group;secal_8_reponse_utile;R√©ponse humanitaire souhait√©e (acc√®s √† la nourriture, agriculture et marc;;;;not (selected(${secal_7_inquietude},'aucune_inquietude'));;;;;;;;;;;;
note;secal_8_0_reponse_utile;D'apr√®s vous, quel seraient les 3 types de r√©ponses les plus utiles pour aider √† am√©liorer la situation de la majorit√© de la population de ${info_loc_H2R} vis-√†-vis de l'acc√®s √† la nourriture, √† l'agriculture et aux ;;;;;;;;;;;;;;;;
select_one secal_reponse;secal_8_1_reponse_utile;Pr√©f√©rence ;;R√©ponse humanitaire souhait√;;;;;;;;;;;;;;
select_one secal_reponse;secal_8_2_reponse_utile;Pr√©f√©rence ;;R√©ponse humanitaire souhait√;;not (selected(${secal_8_1_reponse_utile},'aucun'));;name != ${secal_8_1_reponse_utile};;;;;;;;;;
select_one secal_reponse;secal_8_3_reponse_utile;Pr√©f√©rence ;;R√©ponse humanitaire souhait√;;not (selected(${secal_8_1_reponse_utile},'aucun'));;name != ${secal_8_1_reponse_utile} and name !=  ${secal_8_2_reponse_utile};;;;;;;;;;
text;secal_8_4_reponse_utile_autre;Si autre, veuillez pr√©cise;;;;selected(${secal_8_1_reponse_utile},'autre') or selected(${secal_8_2_reponse_utile},'autre') or selected(${secal_8_3_reponse_utile},'autre');;;;;;;;;;;;
end_group;;;;;;;;;;;;;;;;;;
end_group ;S√©curit√© alimentai;;;;;;;;;;;;;;;;;
;;;;;;;;;;;;;;;;;;
begin_group;WASH;Eau, Hygi√®ne et Assainissemen;;;;;;;;;;;;;;;;
note;wash_note;Nous allons maintenant vous poser des questions concernant l'eau, hygi√®ne et assainissement √† ${info_loc_H2R}. Soyez le plus pr√©cis possible s'il vous pla;;;;;;;;;;;;;;;;
select_multiple sources_eau_boire;wash_1_sources_eau_boire;Au cours des 7 derniers jours, quelles √©taient les principales sources d'eau utilis√©es pour boire par la majorit√© (plus de la moiti√©) de la population √† ${info_loc_H;;Eau √† boir;;;;;;;;;;;;;;
text;wash_1_1_sources_eau_boire_autre;Si autre, veuillez pr√©cise;;;;selected(${wash_1_sources_eau_boire},'autre') ;;;;;;;;;;;;
select_multiple sources_eau_pas_boire;wash_2_sources_eau_pas_boire;Au cours des 7 derniers jours, quelles √©taient les principales sources d'eau utilis√©es pour pour les autres usages (pour cuisiner, pour des raisons hygi√©niques, pour se laver ou laver) par la majorit√© (plus de la moiti√©) de la population √† ${info_loc_;;Eau pour autres usages;;;;;;;;;;;;;;
text;wash_2_1_sources_eau_pas_boire_autre;Si autre, veuillez pr√©cise;;;;selected(${wash_2_sources_eau_pas_boire},'autre') ;;;;;;;;;;;;
select_one eau_temps;wash_3_eau_temps;Au cours des 7 derniers jours, combien de temps cela prend-il pour la MAJORITE de la population de ${info_loc_H2R} pour rejoindre la source d'eau principale, r√©cup√©rer l'eau et revenir (incluant le temps d'attente √† la sourc;;;;;;;;;;;;;;;;
select_one oui_non_nsp;wash_4_source_disponible_saisons;Est-ce que la PRINCIPALE source d'eau que la majorit√© de la population de ${info_loc_H2R} utilise est disponible durant la saison s√®che et la saison des plui;;;;;;;;;;;;;;;;
note;wash_5_acces;Au cours des 7 derniers jours, est-ce que la MAJORITE de la population de ${info_loc_H2R} a eu acc√®s √† suffisamment d'eau pour les besoins suivants :;;;;;;;;;;;;;;;;
select_one oui_non_nsp;wash_5_1_acces_boire;Boire (oui, Non, Je ne sais pas / pr√©f√®re ne pas r√©pondr;;Suffisamment d'eau pour‚Ä;;;;;;;;;;;;;;
select_one oui_non_nsp;wash_5_2_acces_cuisiner;Cuisinier (oui, Non, Je ne sais pas / pr√©f√®re ne pas r√©pondr;;Suffisamment d'eau pour‚Ä;;;;;;;;;;;;;;
select_one oui_non_nsp;wash_5_3_acces_hygiene;Hygi√®ne personnelle (se laver) (oui, Non, Je ne sais pas / pr√©f√®re ne pas r√©pond;;Suffisamment d'eau pour‚Ä;;;;;;;;;;;;;;
select_one oui_non_nsp;wash_5_4_acces_autre;Autres buts domestiques (nettoyer la maison, le sol, etc.) (oui, Non, Je ne sais pas / pr√©f√®re ne pas r√©pondr;;Suffisamment d'eau pour‚Ä;;;;;;;;;;;;;;
select_one assez_eau;wash_6_assez_eau;Globalement, est-ce que la majorit√© de la population a acc√®s √† suffisamment d'eau pour remplir ses besoins essentiels;;;;;;;;;;;;;;;;
select_one manque_eau_raison;wash_7_manque_eau_raison;Quelle est la principale raison pour laquelle la majorit√© de la population n'arrive pas √† r√©pondre √† ses besoins en ea;;;;selected(${wash_6_assez_eau},'juste_assez_suffisant') or selected(${wash_6_assez_eau},'insuffisant') or selected(${wash_6_assez_eau},'pas_suffisant_du_tout');;;;;;;;;;;;
text;wash_7_1_manque_eau_raison_autre;Si autre, veuillez pr√©cise;;;;selected(${wash_7_manque_eau_raison},'autre');;;;;;;;;;;;
select_one infra_sanitaires;wash_8_infra_sanitaires;Au cours des 7 derniers jours, quel type d'infrastructures sanitaires (toilettes ou latrines) a utilis√© la MAJORITE de la population de ${info_loc_H2R};;;;;;;;;;;;;;;;
text;wash_8_infra_sanitaires_autre;Si autre, veuillez pr√©cise;;;;selected(${wash_8_infra_sanitaires},'autre');;;;;;;;;;;;
select_one oui_non_nsp;wash_9_latrines_20_personnes;Y-a-t-il √†  ${info_loc_H2R} au cours des 7 derniers jours, des latrines utilis√©es par plus de vingt personnes;;;;selected(${wash_8_infra_sanitaires},'latrine_hygienique') or selected(${wash_8_infra_sanitaires},'latrine_non_hygienique');;;;;;;;;;;;
select_one latrines_genre;wash_10_latrines_genre;Combien de latrines communautaires utilis√©es √† ${info_loc_H2R} sont s√©par√©es par ge;;;;selected(${wash_9_latrines_20_personnes},'oui');;;;;;;;;;;;
select_one latrines_hygiene_menstruelle;wash_11_latrines_hygiene_menstruelle;Combien de latrines communautaires utilis√©es √† ${info_loc_H2R} comprennent un espace r√©serv√© aux femmes pour leur hygi√®nne menstrue;;;;selected(${wash_9_latrines_20_personnes},'oui');;;;;;;;;;;;
note;wash_12_latrines_frustrations;Au cours des 7 derniers jours, quelles sont les 3 principales sources d'insatisfaction de la majorit√© de la population de ${info_loc_H2R} par rapport √† l'acc√®s aux latrines / toilette;;;;;;;;;;;;;;;;
select_one latrines_frustrations;wash_12_1_latrines_frustrations;Premi√®re frustration;;;;;;;;;;;;;;;;
select_one latrines_frustrations;wash_12_2_latrines_frustrations;Deuxi√®me frustration;;;;;;name != ${wash_12_1_latrines_frustrations};;;;;;;;;;
select_one latrines_frustrations;wash_12_3_latrines_frustrations;Troisi√®me frustration;;;;;;name != ${wash_12_1_latrines_frustrations} and name !=  ${wash_12_2_latrines_frustrations};;;;;;;;;;
text;wash_12_4_latrines_frustrations_autre;Si autre, veuillez pr√©cise;;;;selected(${wash_12_1_latrines_frustrations},'autre') or selected(${wash_12_2_latrines_frustrations},'autre') or selected(${wash_12_3_latrines_frustrations},'autre');;;;;;;;;;;;
select_one oui_non_nsp;wash_13_lavage_mains;Existe-t-il des dispositifs de lavage de main √† ${info_loc_H2R;;;;;;;;;;;;;;;;
select_one lavage_temps;wash_14_lavage_mains_temps;Combien de temps cela prend-t-il pour la majorit√© des habitants de ${info_loc_H2R} pour rejoindre le lieu de lavage des mains, se laver les mains et revenir (inclure l'attente) ?;;;;;;;;;;;;;;;;
select_multiple conditions_sanitaires;wash_15_conditions_sanitaires;Au cours des 30 derniers jours, est-ce dans la majorit√© des m√©nages, il √©tait possible de voir autour des logements (30 m√®tre ou moins;;;not(selected(., 'nsp') and count-selected(.)>1) or not(selected(., 'aucun') and count-selected(.)>1);;;;;;;;;;;;;
text;wash_15_1_conditions_sanitaires_autre;Si autre, veuillez pr√©cise;;;;selected(${wash_15_conditions_sanitaires},'autre');;;;;;;;;;;;
note;wash_16_inquietude;Afin de clarifier notre discussion concernant l'eau, l'hygi√®ne et l'assainissement, quelle est la plus grande inqui√©tude actuellement concernant ${info_loc_H2R;;;;;;;;;;;;;;;;
select_one wash_inquietude;wash_16_1_inquietude;Inquietude 1:;;;;;;;;;;;;;;;;
select_one wash_inquietude;wash_16_2_inquietude;Inquietude 2:;;;;;;name != ${wash_16_1_inquietude};;;;;;;;;;
select_one wash_inquietude;wash_16_3_inquietude;Inquietude 3:;;;;;;name != ${wash_16_1_inquietude} and name !=  ${wash_16_2_inquietude};;;;;;;;;;
text;wash_16_4_inquietude_autre;Si autre, veuillez pr√©cise;;;;selected(${wash_16_1_inquietude},'autre')  or selected(${wash_16_2_inquietude},'autre') or selected(${wash_16_3_inquietude},'autre') ;;;;;;;;;;;;
note;wash_17_reponse_utile;Si √† ${info_loc_H2R} vous devriez recevoir une assistance pour adresser l'inqui√©tude exprim√©e, d'apr√®s-vous quelles seraient les 3 r√©ponses les plus utiles pour am√©liorer la situation concernant l'eau, l'hygi√®ne et l'assainissement √† ${info_l;;;;not (selected(${wash_16_1_inquietude},'aucune'));;;;;;;;;;;;
select_one wash_reponse_utile;wash_17_1_reponse_utile;Pr√©f√©rence ;;;;;;;;;;;;;;;;
select_one wash_reponse_utile;wash_17_2_reponse_utile;Pr√©f√©rence ;;;;not (selected(${wash_17_1_reponse_utile},'aucun'));;name != ${wash_17_1_reponse_utile};;;;;;;;;;
select_one wash_reponse_utile;wash_17_3_reponse_utile;Pr√©f√©rence ;;;;not (selected(${wash_17_1_reponse_utile},'aucun'));;name != ${wash_17_1_reponse_utile} and name !=  ${wash_17_2_reponse_utile};;;;;;;;;;
text;wash_17_4_reponse_utile_autre;Si autre, veuillez pr√©cise;;;;selected(${wash_17_1_reponse_utile},'autre')  or selected(${wash_17_2_reponse_utile},'autre') or selected(${wash_17_3_reponse_utile},'autre') ;;;;;;;;;;;;
end_group ;WASH;;;;;;;;;;;;;;;;;
;;;;;;;;;;;;;;;;;;
;;;;;;;;;;;;;;;;;;
begin_group;Sante;Sant√;;;;;;;;;;;;;;;;
note;sante_note;Nous allons maintenant vous poser des questions concernant la sant√© √† ${info_loc_H2R}. Soyez le plus pr√©cis possible s'il vous pla;;;;;;;;;;;;;;;;
select_one accouchement;sante_1_maternite;Ou est-ce que la majorit√© des femmes (plus de la moiti√©) vont g√©n√©ralement accoucher √† ${info_loc_H2R}?         ;;;;;;;;;;;;;;;;
note;maternite;Quelles sont les 3 principales raisons pour accoucher √† domicile ;;;;selected(${sante_1_maternite},'maison');;;;;;;;;;;;
select_one maternite;sante_1_1_maternite;Raison 1:;;;;selected(${sante_1_maternite},'maison');;;;;;;;;;;;
select_one maternite;sante_1_2_maternite;Raison 2:;;;;selected(${sante_1_maternite},'maison');;name != ${sante_1_1_maternite};;;;;;;;;;
select_one maternite;sante_1_3_maternite;Raison 3:;;;;selected(${sante_1_maternite},'maison');;name != ${sante_1_1_maternite} and name !=  ${sante_1_2_maternite};;;;;;;;;;
text;sante_1_4_maternite_autre;Si autre, veuillez pr√©cise;;;;selected(${sante_1_1_maternite},'autre')  or selected(${sante_1_2_maternite},'autre') or selected(${sante_1_3_maternite},'autre') ;;;;;;;;;;;;
select_one services_sante;sante_2_services;Ou est-ce que la majorit√© (plus de la moiti√©) des habitants de ${info_loc_H2R} vont pour se faire soigne;;;;;;;;;;;;;;;;
text;sante_2_3_services_autre;Veuillez pr√©cise;;;;selected(${sante_2_services},'autre');;;;;;;;;;;;
select_one sante_aucun_acces;sante_3_aucun_acces;Quelle est la barri√®re principale pour l'acc√®s aux services de soin pour la population de ${info_loc_H2R;;;;selected(${sante_2_services},'aucun_acces');;;;;;;;;;;;
begin_group;sante_4_violence;Actes de violence affectant l'acc√®s aux services de sant;;;;;;;;;;;;;;;;
note;sante_4_violence_note;Au cours des 3 derniers mois y'a-il eu √† ${info_loc_H2R} des actes de violence qui ont empech√©;;;;;;;;;;;;;;;;
select_one oui_non_nsp;sante_4_1_violence;Le fonctionnement d'une structure de sant√©?;;;;;;;;;;;;;;;;
select_one oui_non_nsp;sante_4_2_violence;Le personnel de sant√© de travailler ou a √©t√© forc√© √† f;;;;;;;;;;;;;;;;
select_one oui_non_nsp;sante_4_3_violence;Un malade de se rendre dans une structure de soins? ;;;;;;;;;;;;;;;;
select_one oui_non_nsp;sante_4_4_violence;Une ambulance de transporter un malade ?;;;;;;;;;;;;;;;;
end_group;sante_4_violence;;;;;;;;;;;;;;;;;
select_one maladies_moins_5;sante_5_maladies_moins_5;Au cours des 30 derniers jours, quelle √©tait le principal probl√®me de sant√© pour les enfants de moins de 5 ans dans la locali;;;;;;;;;;;;;;;;
text;sante_5_1_maladies_moins_5_autre;Veuillez pr√©cise;;;;selected(${sante_5_maladies_moins_5},'autre');;;;;;;;;;;;
select_one maladies_plus_5;sante_5_2_maladies_plus_5;Au cours des 30 derniers jours, quelle √©tait le principal probl√®me de sant√© pour les personnes de plus de 5 ans dans la locali;;;;;;;;;;;;;;;;
text;sante_5_3_maladies_plus_5_autre;Veuillez pr√©cise;;;;selected(${sante_5_2_maladies_plus_5},'autre');;;;;;;;;;;;
begin_group;sante_6_cause_deces;Causes de mortalit√;;;;;;;;;;;;;;;;
note;cause_deces;Au cours des 90 derniers jours, quelles √©taient les 3 causes principales de d√©c√®s parmi la population √† ${info_loc_H;;;;;;;;;;;;;;;;
select_one cause_deces;sante_6_1_cause_deces;Premi√®re cause de d√©c√;;;;;;;;;;;;;;;;
select_one cause_deces;sante_6_2_cause_deces;Deuxi√®me cause de d√©c√;;;;;;name != ${sante_6_1_cause_deces};;;;;;;;;;
select_one cause_deces;sante_6_3_cause_deces;Troisi√®me cause de d√©c√;;;;;;name != ${sante_6_1_cause_deces} and name !=  ${sante_6_2_cause_deces};;;;;;;;;;
text;sante_6_4_cause_deces;Veuillez pr√©cise;;;;selected(${sante_6_1_cause_deces},'autre') or selected(${sante_6_2_cause_deces},'autre') or selected(${sante_6_3_cause_deces},'autre') ;;;;;;;;;;;;
end_group;cause_deces;;;;;;;;;;;;;;;;;
select_one sante_suffisant;sante_8_services_sante;Globalement, pensez-vous que l'acc√®s √† un service de sant√© pour la majorit√© de la population est ..;;;;;;;;;;;;;;;;
begin_group;sante_8_reponse_utile;Sant√©: R√©ponse humanitaire souhait;;;;;;;;;;;;;;;;
note;Sante_reponse_utile;Que pensez-vous que la majorit√© de la population souhaitent le plus en terme de soins de sant√© ? S√©lectionner les trois plus importa;;;;;;;;;;;;;;;;
select_one reponse_utile_sante;sante_9_1_reponse_utile_sante;Pr√©f√©rence ;;R√©ponse humanitaire souhait√©e (sant;;;;;;;;;;;;;;
select_one reponse_utile_sante;sante_9_2_reponse_utile_sante;Pr√©f√©rence ;;R√©ponse humanitaire souhait√©e (sant;;not (selected(${sante_9_1_reponse_utile_sante},'aucun'));;name != ${sante_9_1_reponse_utile_sante};;;;;;;;;;
select_one reponse_utile_sante;sante_9_3_reponse_utile_sante;Pr√©f√©rence ;;R√©ponse humanitaire souhait√©e (sant;;not (selected(${sante_9_1_reponse_utile_sante},'aucun'));;name != ${sante_9_1_reponse_utile_sante} and name !=  ${sante_9_2_reponse_utile_sante};;;;;;;;;;
text;sante_9_4_reponse_utile_sante_autre;Si autre, veuillez pr√©cise;;;;selected(${sante_9_1_reponse_utile_sante},'autre') or selected(${sante_9_2_reponse_utile_sante},'autre') or selected(${sante_9_3_reponse_utile_sante},'autre');;;;;;;;;;;;
end_group;sante_8_reponse_utile;;;;;;;;;;;;;;;;;
end_group ;Sante;;;;;;;;;;;;;;;;;
;;;;;;;;;;;;;;;;;;
begin_group;Nutrition;Nutrition;;;;;;;;;;;;;;;;
note;nutrition_note;Nous allons maintenant vous poser des questions concernant la nutrition √† ${info_loc_H2R}. Soyez le plus pr√©cis possible s'il vous plai;;;;;;;;;;;;;;;;
select_one oui_non_nsp;nut_1_malnutrition;Y a-t-il des enfants de moins de 5 ans souffrant de la malnutrition (en langue locale) √† ${info_loc_H2R};;;;;;;;;;;;;;;;
select_one oui_non_nsp;nut_2_malnutrition_centre;Y a-t-il des centres de prise en charge de la malnutrition √† ${info_loc_H2R};;;;;;;;;;;;;;;;
select_one malnutrition_combien;nut_3_malnutrition_combien;Combien d'enfants de la commune en situation de mal nutrition sont trait√©s en centre nutritionnel ;;;;selected(${nut_1_malnutrition},'oui');;;;;;;;;;;;
select_one oui_non_nsp;nut_4_malnutrition_deces;Y a-t-il eu des d√©c√®s dus √† la malnutrition √† ${info_loc_H2R} dans les 3 derniers m;;;;;;;;;;;;;;;;
select_one malnutrition_deces;nut_4_1_malnutrition_deces_combien;Combien?;;;;selected(${nut_4_malnutrition_deces},'oui');;;;;;;;;;;;
end_group ;Nutrition;;;;;;;;;;;;;;;;;
;;;;;;;;;;;;;;;;;;
begin_group;Protection;Protection;;;;;;;;;;;;;;;;
note;protection_note;Nous allons maintenant vous poser des questions concernant la protection √† ${info_loc_H2R}. Soyez le plus pr√©cis possible s'il vous plai;;;;;;;;;;;;;;;;
select_one oui_non_nsp;protect_1_handicap_enfant;Y a-t-il au moins un adulte (plus de 18 ans) √† ${info_loc_H2R} qui n'est pas en mesure de prendre soin de lui-m√™me (s'habiller, se laver, etc), de travailler ou d'√©tudier en raison d'handicap physique ou mental;;;;;;;;;;;;;;;;
select_one oui_non_nsp;protect_1_handicap_adulte;Y a-t-il au moins un enfant (moins de 18 ans) √† ${info_loc_H2R} qui n'est pas en mesure de prendre soin de lui-m√™me (s'habiller, se laver, etc), de travailler ou d'√©tudier en raison d'handicap physique ou mental;;;;;;;;;;;;;;;;
select_one oui_non_nsp;protect_2;Actuellement, est-ce que la s√©curit√© des adultes (18 ans ou plus) est une pr√©occupation √† ${info_loc_H2R;;;;;;;;;;;;;;;;
select_multiple risque;protect_2_1_risque;Parmi les risques suivants, quels sont ceux auxquels les hommes adultes de ${info_loc_H2R} sont expos√©s ;;;;selected(${protect_2},'oui') ;;;;;;;;;;;;
text;protect_2_1_risque_autre;Veuillez pr√©ciser :;;;;selected(${protect_2_1_risque},'autre') ;;;;;;;;;;;;
select_multiple risque;protect_2_2_risque;Parmi les risques suivants, quels sont ceux auxquels les femmes adultes de ${info_loc_H2R} sont expos√©s ;;;;selected(${protect_2},'oui') ;;;;;;;;;;;;
text;protect_2_2_risque_autre;Veuillez pr√©cise;;;;selected(${protect_2_2_risque},'autre') ;;;;;;;;;;;;
select_one oui_non_nsp;protect_3;Actuellement, est-ce que la s√©curit√© des enfants (moins de 18 ans) est une pr√©occupation √† ${info_loc_H2R};;;;;;;;;;;;;;;;
select_multiple risque ;protect_3_1_risque;Parmi les risques suivants, quels sont ceux auxquels les gar√ßons de ${info_loc_H2R} sont expos√©s ?;;;;selected(${protect_3},'oui') ;;;;;;;;;;;;
text;protect_3_1_risque_autre;Merci de pr√©cise;;;;selected(${protect_3_1_risque},'autre') ;;;;;;;;;;;;
select_multiple risque;protect_3_2_risque;Parmi les risques suivants, quels sont ceux auxquels les filles de ${info_loc_H2R} sont expos√©s ? ;;;;selected(${protect_3},'oui') ;;;;;;;;;;;;
text;protect_3_2_risque_autre;Merci de pr√©cise;;;;selected(${protect_3_2_risque},'autre') ;;;;;;;;;;;;
select_one oui_non_nsp;protect_4;Existe-t-il √† votre connaissance, √† ${info_loc_H2R}, des cas de personnes qui ont √©t√© forc√©es de travailler, forc√©es d‚Äôaccepter un emploi ou forc√©es de rester dans un emploi contre l;;;;;;;;;;;;;;;;
select_multiple travail_force;protect_5_travail_force;Quel type de travail √©tait-ce;;;;selected(${protect_4},'oui') ;;;;;;;;;;;;
text;protect_5_1_travail_force_autre;Merci de pr√©cise;;;;selected(${protect_5_travail_force},'autre') ;;;;;;;;;;;;
select_one oui_non_nsp;protect_7;D'apr√®s vous, est-ce qu'il y a √† ${info_loc_H2R} des enfants des moins de 18 ans ayant quitt√© le m√©nage de leur paren;;;;;;;;;;;;;;;;
integer;protect_7_1;Pouvez-vous estimer le poucentage d'enfants s√©par√©s de leur famille ;;;;selected(${protect_7},'oui') ;;;;;;;;;;;;
select_multiple raison_separation;protect_8;Quelles sont toutes les raisons pour lesquelles les enfants de ${info_loc_H2R} quittent le m√©nage de leur parent ;;;;selected(${protect_7},'oui') ;;;;;;;;;;;;
text;protect_8_autre;Merci de pr√©cise;;;;selected(${protect_8},'autre') ;;;;;;;;;;;;
select_one enfants_securite;protect_9;Y a-t-il des enfants de moins de 18 ans qui, par leur activit√© ou travail, mettent leur sant√© ou leur s√©curit√© √† risq;;;;;;;;;;;;;;;;
select_one oui_non_nsp;protect_10;Y a-t-il des individus √† ${info_loc_H2R} qui ont soufferts au cours des 30 derniers jours en montrant des signes de d√©tresses psychologiques (comme des cauchemars, de la tristesse prolong√©e, de la fatigue extr√™me, de l'anxi√©t√©, e;;;;;;;;;;;;;;;;
integer;protect_10_1;Si oui, pouvez-vous estimer le pourcentage d'enfants (< 18 ans) qui ont montr√© ce genre de signes de d√©tresse au sein de ${info_loc_H2R};;;;selected(${protect_10},'oui') ;;;;;;;;;;;;
integer;protect_10_2;Si oui, pouvez-vous estimer le pourcentage d'adultes (> 18 ans) qui ont montr√© ce genre de signes de d√©tresse au sein de ${info_loc_H2R};;;;selected(${protect_10},'oui') ;;;;;;;;;;;;
note;protect_11_note;Estimez-vous que certains m√©nages de ${info_loc_H2R} subissent des discriminations concernant l'acc√®s aux services de base essentiels ;;;;;;;;;;;;;;;;
select_one oui_non ;protect_11_1;Discrimination pour acc√©der √† l'eau ;;;;;;;;;;;;;;;;
select_one oui_non ;protect_11_2;Discrimination pour acc√©der aux centres de soin ;;;;;;;;;;;;;;;;
select_one oui_non ;protect_11_3;Discrimination pour acc√©der √† l'√©ducation;;;;;;;;;;;;;;;;
select_one oui_non ;protect_11_4;Discrimination pour acc√©der √† la justice ;;;;;;;;;;;;;;;;
select_one protection_menage;protect_12;Qui sont les groupes de m√©nages les plus souvent discrimin√©s ;;;;(selected(${protect_11_1},'oui') or  selected(${protect_11_2},'oui') or selected(${protect_11_3},'oui') or selected(${protect_11_4},'oui'));;;;;;;;;;;;
text;protect_12_autre;Merci de pr√©cise;;;;selected(${protect_12},'autre') ;;;;;;;;;;;;
select_one probleme_protection ;protect_13;En cas de probl√®me de protection, √† qui les habitants de ${info_loc_H2R} peuvent-ils s'adresser;;;;;;;;;;;;;;;;
text;protect_13_autre;Si autre, veuillez pr√©ciser :;;;;selected(${protect_13},'autre') ;;;;;;;;;;;;
end_group ;Protection ;;;;;;;;;;;;;;;;;
;;;;;;;;;;;;;;;;;;
begin_group;Education;Education;;;;;;;;;;;;;;;;
note;education_note;Nous allons maintenant vous poser des questions concernant l'education √† ${info_loc_H2R}. Soyez le plus pr√©cis possible s'il vous plai;;;;;;;;;;;;;;;;
select_one oui_non_nsp;educ_1;Au cours du dernier mois, y-avait-il des services d'√©ducation FONCTIONNELS √† distance de marche de ${info_loc_H2R;;;;;;;;;;;;;;;;
select_one educ_handicap;educ_2_handicap;Vous avez indiqu√© qu'il y a des enfants en situation de handicap √† ${info_loc_H2R}. Nous aimerions conna√Ætre la situation de ces enfants vis-√†-vis de l‚Äô√©duc;;;;selected(${protect_1_handicap_enfant},'oui');;;;;;;;;;;;
text;educ_2_1_handicap_autre;Si autre, veuillez pr√©ciser;;;;selected(${educ_2_handicap},'autre') ;;;;;;;;;;;;
select_one proportion_pop;educ_4_filles;D'apr√®s vous, quel est le pourcentage de filles de 3 √† 6 ans qui √©taient inscrites √† l'√©cole pr√©scolaire √† ${info_loc_H2R} cette ann√©e scolaire (2018;;;;;;;;;;;;;;;;
select_one proportion_pop;educ_4_garcons;D'apr√®s vous, quel est le pourcentage de gar√ßons de 3 √† 6 ans qui √©taient inscrits √† l'√©cole pr√©scolaire √† ${info_loc_H2R} cette ann√©e scolaire (201;;;;;;;;;;;;;;;;
select_one proportion_pop;educ_6_filles;D'apr√®s vous, quel est le pourcentage de filles de 6 √† 12 ans qui √©taient inscrites √† l'√©cole primaire √† ${info_loc_H2R} cette ann√©e scolaire (2018-;;;;;;;;;;;;;;;;
select_one proportion_pop;educ_6_garcons;D'apr√®s vous, quel est le pourcentage de gar√ßons de 6 √† 12 ans qui √©taient inscrits √† l'√©cole primaire √† ${info_loc_H2R} cette ann√©e scolaire (2018;;;;;;;;;;;;;;;;
select_one proportion_pop;educ_8_filles;D'apr√®s vous, quel est le pourcentage de filles de 12 √† 18 ans qui √©taient inscrites √† l'√©cole secondaire √† ${info_loc_H2R} cette ann√©e scolaire (2018-;;;;;;;;;;;;;;;;
select_one proportion_pop;educ_8_garcons;D'apr√®s vous, quel est le pourcentage de gar√ßons de 12 √† 18 ans qui √©taient inscrits √† l'√©cole secondaire √† ${info_loc_H2R} cette ann√©e scolaire (2018;;;;;;;;;;;;;;;;
select_one taux_participation;educ_10_filles;D'apr√®s vous, parmi les filles de 3 √† 18 ans inscrits √† l'√©cole pour cette ann√©e qui vient de se terminer, quel √©tait le taux de participation moyen des √©;;;;;;;;;;;;;;;;
select_one taux_participation;educ_10_garcons;D'apr√®s vous, parmi les gar√ßons de 3 √† 18 ans inscrits √† l'√©cole pour cette ann√©e qui vient de se terminer, quel √©tait le taux de participation moyen des √;;;;;;;;;;;;;;;;
begin_group;educ_11_barriere;Barri√®re √† l'acc√®s √† l'√©duc;;;;selected(${educ_4_filles}, 'entre_30_et_50') or selected(${educ_4_filles}, 'moins_de_30') or selected(${educ_4_filles}, 'aucun') or selected(${educ_4_garcons}, 'entre_30_et_50') or selected(${educ_4_garcons}, 'moins_de_30') or selected(${educ_4_garcons}, 'aucun') or selected(${educ_6_filles}, 'entre_30_et_50') or selected(${educ_6_filles}, 'moins_de_30') or selected(${educ_6_filles}, 'aucun') or selected(${educ_6_garcons}, 'entre_30_et_50') or selected(${educ_6_garcons}, 'moins_de_30') or selected(${educ_6_garcons}, 'aucun') or selected(${educ_8_filles}, 'entre_30_et_50') or selected(${educ_8_filles}, 'moins_de_30') or selected(${educ_8_filles}, 'aucun') or selected(${educ_8_garcons}, 'entre_30_et_50') or selected(${educ_8_garcons}, 'moins_de_30') or selected(${educ_8_garcons}, 'aucun') or selected(${educ_10_filles}, 'entre_3_6_mois') or selected(${educ_10_filles}, 'moins_3_mois') or selected(${educ_10_filles}, 'jamais') or selected(${educ_10_garcons}, 'entre_3_6_mois') or selected(${educ_10_garcons}, 'moins_3_mois') or selected(${educ_10_garcons}, 'jamais');;;;;;;;;;;;
note;educ_11_barriere_note;Vous avez indiqu√© que la majorit√© des √©l√®ves ont √©t√© pr√©sents √† moins de la moiti√© de l'ann√©e scolaire pr√©c√©dente ou ne sont pas inscrits √† l'√©cole. Nous aimerions avoir plus d'information √† ce sujet. Pourriez-vous nous dire les principales barri√®res qui rendent difficiles pour les enfants de ${info_loc_H2R} de s'enregistrer ou de suivre r√©guli√®;;;;selected(${educ_4_filles}, 'entre_30_et_50') or selected(${educ_4_filles}, 'moins_de_30') or selected(${educ_4_filles}, 'aucun') or selected(${educ_4_garcons}, 'entre_30_et_50') or selected(${educ_4_garcons}, 'moins_de_30') or selected(${educ_4_garcons}, 'aucun') or selected(${educ_6_filles}, 'entre_30_et_50') or selected(${educ_6_filles}, 'moins_de_30') or selected(${educ_6_filles}, 'aucun') or selected(${educ_6_garcons}, 'entre_30_et_50') or selected(${educ_6_garcons}, 'moins_de_30') or selected(${educ_6_garcons}, 'aucun') or selected(${educ_8_filles}, 'entre_30_et_50') or selected(${educ_8_filles}, 'moins_de_30') or selected(${educ_8_filles}, 'aucun') or selected(${educ_8_garcons}, 'entre_30_et_50') or selected(${educ_8_garcons}, 'moins_de_30') or selected(${educ_8_garcons}, 'aucun') or selected(${educ_10_filles}, 'entre_3_6_mois') or selected(${educ_10_filles}, 'moins_3_mois') or selected(${educ_10_filles}, 'jamais') or selected(${educ_10_garcons}, 'entre_3_6_mois') or selected(${educ_10_garcons}, 'moins_3_mois') or selected(${educ_10_garcons}, 'jamais');;;;;;;;;;;;
select_one educ_barriere;educ_11_1_barriere;Pemi√®re barri√®r;;;;;;;;;;;;;;;;
select_one educ_barriere;educ_11_2_barriere;Deuxi√®me barri√®r;;;;;;name != ${educ_11_1_barriere};;;;;;;;;;
select_one educ_barriere;educ_11_3_barriere;Troisi√®me barri√®r;;;;;;name != ${educ_11_1_barriere} and name !=  ${educ_11_2_barriere};;;;;;;;;;
text;educ_11_4_barriere_autre;Si autre, veuillez pr√©ciser;;;;selected(${educ_11_1_barriere},'autre') or selected(${educ_11_2_barriere},'autre') or selected(${educ_11_3_barriere},'autre');;;;;;;;;;;;
end_group ;educ_11_barriere;;;;;;;;;;;;;;;;;
begin_group;educ_12_reponse_utile;…ducation: rÈponse humanitaire souhaitÈe;;;;selected(${educ_4_filles}, 'entre_30_et_50') or selected(${educ_4_filles}, 'moins_de_30') or selected(${educ_4_filles}, 'aucun') or selected(${educ_4_garcons}, 'entre_30_et_50') or selected(${educ_4_garcons}, 'moins_de_30') or selected(${educ_4_garcons}, 'aucun') or selected(${educ_6_filles}, 'entre_30_et_50') or selected(${educ_6_filles}, 'moins_de_30') or selected(${educ_6_filles}, 'aucun') or selected(${educ_6_garcons}, 'entre_30_et_50') or selected(${educ_6_garcons}, 'moins_de_30') or selected(${educ_6_garcons}, 'aucun') or selected(${educ_8_filles}, 'entre_30_et_50') or selected(${educ_8_filles}, 'moins_de_30') or selected(${educ_8_filles}, 'aucun') or selected(${educ_8_garcons}, 'entre_30_et_50') or selected(${educ_8_garcons}, 'moins_de_30') or selected(${educ_8_garcons}, 'aucun') or selected(${educ_10_filles}, 'entre_3_6_mois') or selected(${educ_10_filles}, 'moins_3_mois') or selected(${educ_10_filles}, 'jamais') or selected(${educ_10_garcons}, 'entre_3_6_mois') or selected(${educ_10_garcons}, 'moins_3_mois') or selected(${educ_10_garcons}, 'jamais');;;;;;;;;;;;
note;educ_12_reponse_utile_note;Vous avez mentionn√© que certains des enfants de ${info_loc_H2R} avaient des difficult√©s pour suivre les cours, s'il devait y avoir une assistance √©ducation √† ${info_loc_H2R}, que pensez-vous que la majorit√© de la population souhaitent le plus ? S√©lectionner les trois plus impo;;;;;;;;;;;;;;;;
select_one reponse_utile_educ;educ_12_1_reponse_utile_educ;Pr√©f√©rence ;;R√©ponse humanitaire souhait√©e (educatio;;;;;;;;;;;;;;
select_one reponse_utile_educ;educ_12_2_reponse_utile_educ;Pr√©f√©rence ;;R√©ponse humanitaire souhait√©e (educatio;;not (selected(${educ_12_1_reponse_utile_educ},'aucun'));;name != ${educ_12_1_reponse_utile_educ};;;;;;;;;;
select_one reponse_utile_educ;educ_12_3_reponse_utile_educ;Pr√©f√©rence ;;R√©ponse humanitaire souhait√©e (educatio;;not (selected(${educ_12_1_reponse_utile_educ},'aucun'));;name != ${educ_12_1_reponse_utile_educ} and name !=  ${educ_12_2_reponse_utile_educ};;;;;;;;;;
text;educ_12_4_reponse_utile_educ_autre;Si autre, veuillez pr√©cise;;;;selected(${educ_12_1_reponse_utile_educ},'autre') or selected(${educ_12_2_reponse_utile_educ},'autre') or selected(${educ_12_3_reponse_utile_educ},'autre');;;;;;;;;;;;
end_group ;educ_12_reponse_utile;;;;;;;;;;;;;;;;;
end_group ;Education;;;;;;;;;;;;;;;;;
;;;;;;;;;;;;;;;;;;
begin_group ;AAP;Redevabilit√© aux communaut√;;;;;;;;;;;;;;;;
note;aap_note;Nous allons maintenant vous poser des questions sur la satisfaction de la population de ${info_loc_H2R} quant aux services humanitaires. Soyez le plus pr√©cis possible s'il vous plait;;;;;;;;;;;;;;;;
select_one source_confiance;aap_1_source_confiance;En quelle source pensez-vous que la majorit√© des habitants de ${info_loc_H2R} a le plus confiance pour recevoir les informations dont ils auraient besoin;;;;;;;;;;;;;;;;
text;aap_1_1_source_confiance_autre;Si autre, veuillez pr√©ciser :;;;;selected(${aap_1_source_confiance},'autre');;;;;;;;;;;;
select_multiple type_information;aap_2_type_information;Quel type d‚Äôinformation la majorit√© des habitants de ${info_loc_H2R} aimerait recevoir;;Merci de s√©lectionner les 3 types d‚Äôinformation que vous pensez que la majorit√© de la population souhaiterait rece;;;;;;;;;;;;;;
text;aap_2_1_type_information_autre;Si autre, veuillez pr√©ciser :;;;;selected(${aap_2_type_information},'autre');;;;;;;;;;;;
select_one canal_information;aap_3_canal_information;Quel est le moyen pr√©f√©r√© d'apr√®s-vous de la majorit√© des habitants pour recevoir de l‚Äôinform;;;;;;;;;;;;;;;;
select_multiple retour_fournisseur;aap_4_retour_fournisseur_aide;Comment la majorit√© des habitants pr√©f√©rerait donner un retour aux fournisseurs d‚Äôaide humanitaire pour les informer sur la qualit√©, la quantit√© et l‚Äôad√©quation de l‚Äôaide que vous pourrie;;;;;;;;;;;;;;;;
text;aap_4_retour_fournisseur_aide_autre;Si autre, veuillez pr√©ciser :;;;;selected(${aap_4_retour_fournisseur_aide},'autre');;;;;;;;;;;;
end_group ;AAP;;;;;;;;;;;;;;;;;
begin_group;finalisation;;;;;;;;;;;;;;;;;
text;note_contact;"Merci pour ces r√©ponses. Nous souaiterions savoir √©galement si vous avez dans vos contacts d'autres personnes qui connaissent bien une localit√© de ${info_sous_prefecture} et qui serait succeptible d'√™tre d'accord de r√©pondre √† nos questions. Merci d'avance ! 
(Vous pouvez enregistrer ici le nom et num√©ro des contacts poten";;;;;;;;;;;;;;;;
text;note_comm_end;"Merci. L'enqu√™te est maintenant termin√©e.
Remerciez la personne pour sa disponibilit√©, le temps et les r√©ponses apport√©es. Demandez-lui si elle a d'autres questions. Cette espace vous permet d'√©crire tout commentaire. 
N'oubliez pas d'enregistrer les points GPS puis de finaliser l'en";;;;;;;;;;;;;;;;
end_group;finalisation;;;;;;;;;;;;;;;;;
note;note_end;Vous pouvez maintenant finaliser l'enqu√™te;;;;;;;;;;;;;;;;
